,id,movie_object
0,1409024,Men in Black 3
1,1277953,Madagascar 3: Europe's Most Wanted
2,1155076,The Karate Kid
3,1351685,Jack the Giant Slayer
4,876563,Gake no ue no Ponyo
5,1212436,The Back-up Plan
6,114709,Toy Story
7,221218,The Glass House
8,1540133,The Guard
9,360486,Constantine
10,122933,Analyze This
11,114746,Twelve Monkeys
12,155711,Flawless
13,1859650,To Rome with Love
14,811080,Speed Racer
15,327753,Funny Ha Ha
16,98382,Star Trek V: The Final Frontier
17,106582,Cliffhanger
18,338526,Van Helsing
19,88763,Back to the Future
20,1196141,Diary of a Wimpy Kid
21,106611,Cool Runnings
22,1204342,The Muppets
23,365929,Whiteout
24,105151,The Player
25,114814,The Usual Suspects
26,155776,Jawbreaker
27,311429,The League of Extraordinary Gentlemen
28,163978,The Beach
29,204946,Bring It On
30,1605783,Midnight in Paris
31,2334873,Blue Jasmine
32,147612,Happiness
33,213149,Pearl Harbor
34,2334879,White House Down
35,376994,X-Men: The Last Stand
36,2023587,Mama
37,82096,Das Boot
38,106677,Dazed and Confused
39,1228987,Let Me In
40,120184,Sphere
41,114898,Waterworld
42,213203,Rugrats in Paris: The Movie - Rugrats II
43,164052,Hollow Man
44,98519,Troop Beverly Hills
45,114906,Welcome to the Dollhouse
46,377062,Flight of the Phoenix
47,434409,V for Vendetta
48,1343727,Dredd
49,98546,UHF
50,1179891,My Bloody Valentine
51,1111422,The Taking of Pelham 1 2 3
52,409847,Cowboys & Aliens
53,466893,Margaret
54,467197,Max Payne
55,467200,The Other Boleyn Girl
56,303361,May
57,475394,Smokin' Aces
58,377092,Mean Girls
59,1483013,Oblivion
60,295178,Austin Powers in Goldmember
61,360717,King Kong
62,377107,Proof
63,377109,The Ring Two
64,82198,Conan the Barbarian
65,1219289,Limitless
66,385307,Miss Congeniality 2: Armed and Fabulous
67,368933,The Princess Diaries 2: Royal Engagement
68,401711,"Paris, je t'aime"
69,942385,Tropic Thunder
70,1245492,This Is the End
71,401729,John Carter
72,1245526,RED
73,147800,10 Things I Hate About You
74,311648,Pieces of April
75,901476,Bride Wars
76,1261945,Sex and the City 2
77,401792,Sin City
78,295297,Harry Potter and the Chamber of Secrets
79,1278340,Død snø
80,139654,Training Day
81,1646987,Wrath of the Titans
82,483726,Man of the Year
83,98724,"Sex, Lies, and Videotape"
84,1524137,Contraband
85,74156,Assault on Precinct 13
86,926129,Prom Night
87,873886,Red State
88,1229238,Mission: Impossible - Ghost Protocol
89,90555,Crocodile Dundee
90,344510,Un long dimanche de fiançailles
91,172493,"Girl, Interrupted"
92,467406,Juno
93,172495,Gladiator
94,106977,The Fugitive
95,319970,Carrie
96,1876451,Sparkle
97,418279,Transformers
98,1253864,Immortals
99,999913,Straw Dogs
100,107943,The Remains of the Day
101,90605,Aliens
102,164334,Along Came a Spider
103,410097,Hustle & Flow
104,82418,Friday the 13th Part 2
105,844286,The Brothers Bloom
106,107007,Gettysburg
107,1499658,Horrible Bosses
108,1622547,30 Minutes or Less
109,451094,Chinjeolhan geumjassi
110,107048,Groundhog Day
111,1032755,RocknRolla
112,442933,Beowulf
113,131646,Wing Commander
114,82495,Halloween II
115,279113,The Good Girl
116,1991245,Chernobyl Diaries
117,82517,History of the World: Part I
118,1532503,Beginners
119,118884,Contact
120,402022,Æon Flux
121,451176,Quinceañera
122,107120,Hocus Pocus
123,230011,Atlantis: The Lost Empire
124,1778304,Paranormal Activity 3
125,1024648,Argo
126,2425486,Gloria
127,770703,What's Your Number?
128,1655442,The Artist
129,1327773,The Butler
130,1655460,Wanderlust
131,1335975,47 Ronin
132,95687,My Stepmother Is an Alien
133,1663662,Pacific Rim
134,271027,Kiss of the Dragon
135,844471,Cloudy with a Chance of Meatballs
136,410297,The Lake House
137,369339,Collateral
138,246460,Die Another Day
139,221889,Beautiful Creatures
140,303816,Cabin Fever
141,795351,Case 39
142,385752,The Golden Compass
143,1057500,Invictus
144,90848,The Clan of the Cave Bear
145,795368,Death at a Funeral
146,852713,The House Bunny
147,1606378,A Good Day to Die Hard
148,1204975,Last Vegas
149,1606389,The Vow
150,74486,Eraserhead
151,1860353,Turbo
152,410377,Nim's Island
153,770828,Man of Steel
154,1059786,Eagle Eye
155,1611224,Abraham Lincoln: Vampire Hunter
156,295700,Wrong Turn
157,295701,xXx
158,107290,Jurassic Park
159,369436,Four Christmases
160,369441,Fun with Dick and Jane
161,2302755,Olympus Has Fallen
162,238380,Equilibrium
163,246578,Donnie Darko
164,116778,Kingpin
165,942903,Stargate: The Ark of Truth
166,303933,Drumline
167,1049413,Up
168,385880,Monster House
169,328538,Thirteen
170,2294629,Frozen
171,959337,Revolutionary Road
172,1188729,Pandorum
173,92991,Evil Dead II
174,115591,August
175,443272,Lincoln
176,983193,The Adventures of Tintin
177,443295,"Yours, Mine & Ours"
178,423409,A Cock and Bull Story
179,99253,Child's Play 2
180,1622979,Final Destination 5
181,418763,Jarhead
182,238546,Queen of the Damned
183,1139668,The Unborn
184,418773,Junebug
185,67065,Escape from the Planet of the Apes
186,402399,The New World
187,287717,Spy Kids 2: Island of Lost Dreams
188,1270761,Don't Be Afraid of the Dark
189,2024432,Identity Thief
190,345074,Connie and Carla
191,116225,Escape from L.A.
192,304141,Harry Potter and the Prisoner of Azkaban
193,1270798,X-Men: First Class
194,1410063,Jin líng shí san chai
195,787475,Hot Rod
196,76141,High Anxiety
197,115736,Bound
198,82971,Raiders of the Lost Ark
199,1532957,Paa
200,976051,The Reader
201,115759,Broken Arrow
202,164912,Stuart Little
203,74812,Logan's Run
204,443453,Borat: Cultural Learnings of America for Make Benefit Glorious Nation of Kazakhstan
205,91203,Highlander
206,181316,Blue Streak
207,386117,Where the Wild Things Are
208,1139797,Låt den rätte komma in
209,115798,The Cable Guy
210,91225,Howard the Duck
211,386140,The Legend of Zorro
212,107614,Mrs. Doubtfire
213,1874789,Supporting Characters
214,2024544,12 Years a Slave
215,455857,When a Stranger Calls
216,2106476,Jagten
217,1352824,Chloe
218,2101441,Spring Breakers
219,427152,Dinner for Schmucks
220,115857,Chain Reaction
221,320661,Kingdom of Heaven
222,443543,The Illusionist
223,99487,Edward Scissorhands
224,935075,Rabbit Hole
225,1623205,Oz the Great and Powerful
226,1951261,The Hangover Part III
227,320691,Underworld
228,230600,The Others
229,74958,Network
230,1131729,The Boat That Rocked
231,1131734,Jennifer's Body
232,1213663,The World's End
233,1058017,The Invention of Lying
234,296166,Real Women Have Curves
235,287978,Daredevil
236,1205489,Gran Torino
237,1623288,ParaNorman
238,2229499,Don Jon
239,99582,Flatliners
240,1549572,Another Earth
241,361748,Inglourious Basterds
242,91419,Little Shop of Horrors
243,1126618,Morning Glory
244,304415,Mona Lisa Smile
245,1336608,Rock of Ages
246,1336617,Cyrus
247,1615147,Margin Call
248,1156398,Zombieland
249,1320244,The Last Exorcism
250,1598778,Contagion
251,1764234,Killing Them Softly
252,427327,Hairspray
253,263488,Jeepers Creepers
254,1508675,Le Havre
255,99653,Ghost
256,1000774,Sex and the City
257,369994,Strangers with Candy
258,238924,The Dangerous Lives of Altar Boys
259,1385826,The Adjustment Bureau
260,99685,Goodfellas
261,1598822,New Year's Eve
262,114069,Outbreak
263,1598828,One for the Money
264,370032,Ultraviolet
265,71230,Blazing Saddles
266,1656190,Safe
267,198021,Where the Heart Is
268,1385867,Cop Out
269,75148,Rocky
270,918927,Doubt
271,1041829,The Proposal
272,435623,Conversations with Other Women
273,116136,DragonHeart
274,435625,The Descent
275,1033643,What Happens in Vegas
276,385267,In Good Company
277,411061,88 Minutes
278,181689,Minority Report
279,91578,My Beautiful Laundrette
280,206275,Save the Last Dance
281,99785,Home Alone
282,1099212,Twilight
283,1074638,Skyfall
284,75222,Silent Movie
285,1189340,The Lincoln Lawyer
286,116191,Emma
287,99810,The Hunt for Red October
288,1226753,The Debt
289,99817,Dark Angel
290,181739,Osmosis Jones
291,116209,The English Patient
292,1082868,Quarantine
293,861689,Blindness
294,1179904,Paranormal Activity
295,468492,Gwoemul
296,108052,Schindler's List
297,116313,The First Wives Club
298,386588,Hitch
299,304669,The Santa Clause 2
300,1951264,The Hunger Games: Catching Fire
301,116260,Eye for an Eye
302,93105,"Good Morning, Vietnam"
303,861739,Tropa de Elite
304,67116,The French Connection
305,435761,Toy Story 3
306,75314,Taxi Driver
307,116277,The Fan
308,110857,Police Academy: Mission to Moscow
309,1197624,Law Abiding Citizen
310,116282,Fargo
311,968264,The Conspirator
312,1230414,It's Complicated
313,762125,Planet 51
314,370263,AVP: Alien vs. Predator
315,910936,Pineapple Express
316,468569,The Dark Knight
317,91738,Peggy Sue Got Married
318,181852,Terminator 3: Rise of the Machines
319,1596346,Soul Surfer
320,1017451,The Runaways
321,181875,Almost Famous
322,1017460,Splice
323,910970,WALL·E
324,296572,The Chronicles of Riddick
325,116361,Freeway
326,483607,Doomsday
327,116367,From Dusk Till Dawn
328,804497,It's Kind of a Funny Story
329,173716,Cecil B. DeMented
330,337563,13 Going on 30
331,91763,Platoon
332,362165,Son of the Mask
333,190138,The Whole Nine Yards
334,199626,In the Cut
335,116421,The Glimmer Man
336,1164999,Biutiful
337,83658,Blade Runner
338,1517260,The Host
339,796366,Star Trek
340,1588173,Warm Bodies
341,870111,Frost/Nixon
342,181984,Boiler Room
343,362227,The Terminal
344,110889,Priest
345,2017020,The Smurfs 2
346,116477,Hamlet
347,83722,Cat People
348,165643,Black and White
349,116493,Harriet the Spy
350,362269,Kinsey
351,362270,The Life Aquatic with Steve Zissou
352,117723,Spy Hard
353,104070,Death Becomes Her
354,206634,Children of Men
355,1034032,Gamer
356,1591095,Insidious
357,157503,Drop Dead Gorgeous
358,489099,Jumper
359,108358,Tombstone
360,337741,Something's Gotta Give
361,120461,Volcano
362,247638,The Princess Diaries
363,92005,Stand by Me
364,116583,The Hunchback of Notre Dame
365,1371111,Cloud Atlas
366,493430,Jackass Number Two
367,83833,Diner
368,419706,Doom
369,190332,Wo hu cang long
370,104815,El mariachi
371,280460,The Banger Sisters
372,477071,Premonition
373,124819,Orgazmo
374,116629,Independence Day
375,493464,Wanted
376,83866,E.T. the Extra-Terrestrial
377,75686,Annie Hall
378,100263,Nikita
379,427944,Thank You for Smoking
380,448157,Hancock
381,1334260,Never Let Me Go
382,837562,Hotel Transylvania
383,1279935,Date Night
384,247745,Super Troopers
385,92099,Top Gun
386,477139,Wristcutters: A Love Story
387,83929,Fast Times at Ridgemont High
388,116705,Jingle All the Way
389,133093,The Matrix
390,83944,First Blood
391,362478,The Box
392,452594,The Break-Up
393,329717,Hollywood Homicide
394,315733,21 Grams
395,452608,Death Race
396,337921,Cellular
397,83972,Friday the 13th Part III
398,75784,A Bridge Too Far
399,1640459,Hobo with a Shotgun
400,280590,Mr. Deeds
401,452623,Gone Baby Gone
402,452637,Lady in the Water
403,1714210,Weekend
404,1640484,Jumping the Broom
405,165929,Romeo Must Die
406,829482,Superbad
407,346156,Sky Captain and the World of Tomorrow
408,419887,The Kite Runner
409,100403,Predator 2
410,100405,Pretty Woman
411,1001526,Megamind
412,337978,Live Free or Die Hard
413,387131,The Constant Gardener
414,1034303,Defiance
415,1083456,Fired Up!
416,166924,Mulholland Dr.
417,1132620,Män som hatar kvinnor
418,75860,Close Encounters of the Third Kind
419,452694,The Time Traveler's Wife
420,848228,The Avengers
421,1386588,The Other Guys
422,338013,Eternal Sunshine of the Spotless Mind
423,165982,Sinbad: Legend of the Seven Seas
424,436331,Friends with Money
425,436339,G-Force
426,133240,Treasure Planet
427,198781,"Monsters, Inc."
428,190590,"O Brother, Where Art Thou?"
429,280707,Gosford Park
430,1091722,Adventureland
431,67741,Shaft
432,477347,Night at the Museum
433,477348,No Country for Old Men
434,1411238,No Strings Attached
435,116908,The Long Kiss Goodnight
436,190641,Gekijô-ban poketto monsutâ - Myûtsû no gyakushû
437,1411250,Riddick
438,1591479,Act of Valor
439,280760,Igby Goes Down
440,149691,Anywhere But Here
441,460989,The Wind That Shakes the Barley
442,1190080,2012
443,116931,Love and Other Catastrophes
444,1542344,127 Hours
445,305357,Charlie's Angels: Full Throttle
446,1386703,Total Recall
447,878804,The Blind Side
448,2140373,Saving Mr. Banks
449,86393,Superman III
450,780504,Drive
451,1673434,The Twilight Saga: Breaking Dawn - Part 2
452,960731,Bedtime Stories
453,297181,I Spy
454,780511,Everybody's Fine
455,485601,The Secret of Kells
456,68646,The Godfather
457,780521,The Princess and the Frog
458,182508,Urbania
459,878835,Please Give
460,403702,Youth in Revolt
461,780536,In Bruges
462,116996,Mars Attacks!
463,338188,The Missing
464,264464,Catch Me If You Can
465,289043,28 Days Later...
466,926084,Harry Potter and the Deathly Hallows: Part 1
467,1853728,Django Unchained
468,1403177,Hesher
469,1345836,The Dark Knight Rises
470,257076,S.W.A.T.
471,108255,Super Mario Bros.
472,1583421,G.I. Joe: Retaliation
473,780607,The Signal
474,395584,The Devil's Rejects
475,117057,The Mirror Has Two Faces
476,1313092,Animal Kingdom
477,780622,Teeth
478,207201,What Women Want
479,1024744,I Come with the Rain
480,780653,The Wolfman
481,1288558,Evil Dead
482,256380,Shallow Hal
483,493949,Ramona and Beezus
484,420223,Stranger Than Fiction
485,1010048,Slumdog Millionaire
486,166276,Monkeybone
487,1509767,The Three Musketeers
488,313737,Two Weeks Notice
489,821642,The Soloist
490,420238,The Tale of Despereaux
491,190865,Vertical Limit
492,67992,Willy Wonka & the Chocolate Factory
493,338348,The Polar Express
494,1247662,The Good Guy
495,1149361,Micmacs à tire-larigot
496,1092026,Paul
497,258463,The Bourne Identity
498,1862079,Safety Not Guaranteed
499,100802,Total Recall
500,94625,Akira
501,903624,The Hobbit: An Unexpected Journey
502,100814,Tremors
503,126029,Shrek
504,76245,Julia
505,436697,The Queen
506,2034139,The Last Exorcism Part II
507,92644,Beverly Hills Cop II
508,1788391,Kill List
509,387564,Saw
510,109040,Ace Ventura: Pet Detective
511,469494,There Will Be Blood
512,338427,Shopgirl
513,125439,Notting Hill
514,92675,Bloodsport
515,338459,Spy Kids 3-D: Game Over
516,68699,High Plains Drifter
517,84516,Poltergeist
518,84522,Porky's
519,371246,Spanglish
520,374536,Bewitched
521,993842,Hanna
522,936501,Taken
523,993846,The Wolf of Wall Street
524,264761,Kissing Jessica Stein
525,68156,1776
526,404032,The Exorcism of Emily Rose
527,1731141,Ender's Game
528,240200,Water
529,95016,Die Hard
530,166485,Anna and the King
531,985694,Machete
532,35423,Kate & Leopold
533,1706593,Chronicle
534,985699,Valkyrie
535,133751,The Faculty
536,1411704,Hop
537,862846,Sunshine Cleaning
538,289408,The Powerpuff Girls Movie
539,330373,Harry Potter and the Goblet of Fire
540,1837703,The Fifth Estate
541,1182345,Moon
542,838283,Step Brothers
543,1182350,You Will Meet a Tall Dark Stranger
544,494238,Inkheart
545,1657507,Colombiana
546,266697,Kill Bill: Vol. 1
547,805564,Lars and the Real Girl
548,1870529,Won't Back Down
549,944835,Salt
550,395972,North Country
551,109254,Beverly Hills Cop III
552,1772240,Apollo 18
553,322259,2 Fast 2 Furious
554,1231583,Due Date
555,1231587,Hot Tub Time Machine
556,404203,Little Children
557,1723121,We're the Millers
558,84726,Star Trek: The Wrath of Khan
559,117887,That Thing You Do!
560,117500,The Rock
561,117509,Romeo + Juliet
562,1649419,Lo imposible
563,363282,New York Minute
564,240772,Ocean's Eleven
565,322330,Freaky Friday
566,281373,Snow Dogs
567,1772341,Wreck-It Ralph
568,338751,The Aviator
569,1028576,Secretariat
570,117571,Scream
571,1210166,Moneyball
572,379725,Capote
573,240462,Dr. Dolittle 2
574,93010,Fatal Attraction
575,117589,Secrets & Lies
576,84827,TRON
577,1911644,The Call
578,117603,Set It Off
579,1821549,Nebraska
580,265086,Black Hawk Down
581,306047,Scary Movie 3
582,109445,Clerks
583,109446,The Client
584,478087,21
585,379786,Serenity
586,396171,Perfume: The Story of a Murderer
587,1321870,Gangster Squad
588,1436562,Rio
589,101272,The Addams Family
590,297884,Far from Heaven
591,166813,Spirit: Stallion of the Cimarron
592,1018785,The Sisterhood of the Traveling Pants 2
593,486321,Fly Me to the Moon
594,453556,TMNT
595,453562,42
596,977855,Fair Game
597,109504,Crooklyn
598,134084,Scream 3
599,117705,Space Jam
600,461770,Enchanted
601,756683,The Man from Earth
602,425123,Just Like Heaven
603,76759,Star Wars
604,1403865,True Grit
605,314331,Love Actually
606,117731,Star Trek: First Contact
607,289765,Red Dragon
608,134119,The Talented Mr. Ripley
609,257001,Gekijô-ban poketto monsutâ: Maboroshi no pokemon: Rugia bakutan
610,1305591,Mars Needs Moms
611,93177,Hellraiser
612,1559547,Beautiful Creatures
613,1821694,RED 2
614,871426,Baby Mama
615,117765,Striptease
616,112471,Before Sunrise
617,371724,The Hitchhiker's Guide to the Galaxy
618,248845,Hedwig and the Angry Inch
619,1371155,Made in Dagenham
620,363547,Dawn of the Dead
621,371746,Iron Man
622,101414,Beauty and the Beast
623,199725,Love & Basketball
624,1272878,2 Guns
625,830515,Quantum of Solace
626,232500,The Fast and the Furious
627,1428538,Hansel & Gretel: Witch Hunters
628,494652,"Welcome Home, Roscoe Jenkins"
629,199753,Red Planet
630,887883,Burn After Reading
631,101452,Bill & Ted's Bogus Journey
632,1403981,Remember Me
633,765010,Brothers
634,102926,The Silence of the Lambs
635,289879,The Butterfly Effect
636,158811,Muppets from Space
637,478304,The Tree of Life
638,1854564,Percy Jackson: Sea of Monsters
639,478311,Knocked Up
640,887912,The Hurt Locker
641,1289406,Harry Brown
642,109686,Dumb & Dumber
643,265343,Monsoon Wedding
644,134273,8MM
645,1541995,Snow Flower and the Secret Fan
646,1535108,Elysium
647,1535109,Captain Phillips
648,109707,Ed Wood
649,298130,The Ring
650,986263,Surrogates
651,1748122,Moonrise Kingdom
652,298148,Shrek 2
653,814255,Percy Jackson & the Olympians: The Lightning Thief
654,486576,4: Rise of the Silver Surfer
655,421054,Domino
656,117951,Trainspotting
657,1191111,Enter the Void
658,1174732,An Education
659,93389,The Last Emperor
660,1068242,Footloose
661,298203,8 Mile
662,208092,Snatch.
663,93409,Lethal Weapon
664,183523,Mission to Mars
665,814314,Seven Pounds
666,86567,WarGames
667,117998,Twister
668,298228,Whale Rider
669,363771,"The Chronicles of Narnia: The Lion, the Witch and the Wardrobe"
670,93437,The Lost Boys
671,879870,Eat Pray Love
672,486655,Stardust
673,1625346,Young Adult
674,109830,Forrest Gump
675,158983,South Park: Bigger Longer & Uncut
676,191754,28 Days
677,71853,Monty Python and the Holy Grail
678,356910,Mr. & Mrs. Smith
679,167190,Hellboy
680,1322269,August: Osage County
681,1412386,The Best Exotic Marigold Hotel
682,1518812,Meek's Cutoff
683,1764651,The Expendables 2
684,290095,The Tuxedo
685,71562,The Godfather: Part II
686,1232200,That's My Boy
687,1690953,Despicable Me 2
688,1232207,Capitalism: A Love Story
689,257360,About Schmidt
690,339291,Lemony Snicket's A Series of Unfortunate Events
691,167260,The Lord of the Rings: The Return of the King
692,167261,The Lord of the Rings: The Two Towers
693,183649,Phone Booth
694,1486185,Red Riding Hood
695,396652,Ice Princess
696,421239,Red Eye
697,1707386,Les Misérables
698,1650043,Diary of a Wimpy Kid: Rodrick Rules
699,244970,Someone Like You...
700,1650062,Super 8
701,477080,Unstoppable
702,1527186,Melancholia
703,209475,The Wedding Planner
704,388500,Beauty Shop
705,1133985,Green Lantern
706,1723811,Shame
707,486822,Disturbia
708,1985966,Cloudy with a Chance of Meatballs 2
709,429493,The A-Team
710,265666,The Royal Tenenbaums
711,970179,Hugo
712,82509,Heavy Metal
713,363988,Secret Window
714,372183,The Bourne Supremacy
715,1035736,Coco avant Chanel
716,1125849,The Wrestler
717,134619,Disturbing Behavior
718,69089,Pink Flamingos
719,445922,Across the Universe
720,257516,Cursed
721,183790,A Knight's Tale
722,1396218,Mr. Popper's Penguins
723,306685,Cradle 2 the Grave
724,765443,Eastern Promises
725,765446,Escape from Planet Earth
726,429589,The Ant Bully
727,1084950,Rachel Getting Married
728,429591,Aquamarine
729,1003034,Perrier's Bounty
730,290334,X2
731,765476,Meet Dave
732,437800,Akeelah and the Bee
733,85549,Flashdance
734,1019452,A Serious Man
735,822847,Priest
736,822854,Shooter
737,446029,Scott Pilgrim vs. the World
738,413267,Shrek the Third
739,1568346,The Girl with the Dragon Tattoo
740,77405,Days of Heaven
741,446046,Take the Lead
742,282209,Darkness Falls
743,405094,Das Leben der Anderen
744,77416,The Deer Hunter
745,249462,Billy Elliot
746,93818,Radio Days
747,2125435,Beasts of the Southern Wild
748,1001508,He's Just Not That Into You
749,1535616,The Divide
750,159365,Cold Mountain
751,1027718,Wall Street: Money Never Sleeps
752,1068680,Yes Man
753,83907,The Evil Dead
754,241303,Chocolat
755,405159,Million Dollar Baby
756,102057,Hook
757,970411,City of Ember
758,93870,RoboCop
759,970416,The Day the Earth Stood Still
760,470705,Bug
761,102070,Hudson Hawk
762,380599,Oliver Twist
763,388795,Brokeback Mountain
764,134847,Pitch Black
765,1478338,Bridesmaids
766,1325004,The Twilight Saga: Eclipse
767,462538,The Simpsons Movie
768,257756,High Crimes
769,995039,Ghost Town
770,470765,For Your Consideration
771,110322,Legends of the Fall
772,382932,Ratatouille
773,1421051,Somewhere
774,2109184,Paranormal Activity 4
775,1139328,The Ghost Writer
776,175880,Magnolia
777,366551,Harold & Kumar Go to White Castle
778,200465,The Bank Job
779,110357,The Lion King
780,1462041,Dream House
781,2002718,Machete Kills
782,110367,Little Women
783,118570,Air Bud
784,118571,Air Force One
785,397101,The Skeleton Key
786,405296,A Scanner Darkly
787,372532,The Wedding Date
788,118583,Alien: Resurrection
789,94012,Spaceballs
790,298814,The Core
791,77631,Grease
792,1136608,District 9
793,978759,Frozen River
794,1634122,Johnny English Reborn
795,978764,Sucker Punch
796,405325,Sky High
797,1273678,The Spy Next Door
798,438097,Ice Age: The Meltdown
799,421715,The Curious Case of Benjamin Button
800,94862,Child's Play
801,405336,Southland Tales
802,118617,Anastasia
803,1314655,Devil
804,929632,Precious
805,200550,Coyote Ugly
806,372588,Team America: World Police
807,241527,Harry Potter and the Sorcerer's Stone
808,1650554,Kick-Ass 2
809,118655,Austin Powers: International Man of Mystery
810,339840,Undead
811,118661,The Avengers
812,105793,Wayne's World
813,1232776,Fish Tank
814,110475,The Mask
815,77713,Day of the Woman
816,111257,Speed
817,896923,The City of Your Final Destination
818,118688,Batman & Robin
819,126886,Election
820,1699755,Peeples
821,405422,The 40 Year Old Virgin
822,1322312,Going the Distance
823,1675192,Take Shelter
824,118715,The Big Lebowski
825,315327,Bruce Almighty
826,126916,For Love of the Game
827,913354,Armored
828,1454029,The Help
829,400717,Open Season
830,258000,Panic Room
831,2404311,The Family
832,1216475,Cars 2
833,118749,Boogie Nights
834,348150,Superman Returns
835,102975,Star Trek VI: The Undiscovered Country
836,471042,Tower Heist
837,405508,Rang De Basanti
838,118789,Buffalo '66
839,210945,Remember the Titans
840,1216520,Womb
841,1781769,Anna Karenina
842,1077262,Ajami
843,151568,Topsy-Turvy
844,258068,The Quiet American
845,110622,Naked Gun 33 1/3: The Final Insult
846,1323045,Frozen
847,1536044,Paranormal Activity 2
848,118829,Cats Don't Dance
849,372784,Batman Begins
850,118842,Chasing Amy
851,290879,Suriyothai
852,118113,Walking and Talking
853,69704,American Graffiti
854,118866,Clockwatchers
855,120815,Saving Private Ryan
856,1282140,Easy A
857,1814621,Admission
858,118880,Con Air
859,118883,Conspiracy Theory
860,790628,The Incredible Burt Wonderstone
861,102510,The Naked Gun 2½: The Smell of Fear
862,2404463,The Heat
863,356470,A Cinderella Story
864,945513,Source Code
865,274558,The Hours
866,381061,Casino Royale
867,815244,Sydney White
868,1568911,War Horse
869,118929,Dark City
870,77975,Animal House
871,331933,Man of the House
872,299172,Home on the Range
873,962726,High School Musical 3: Senior Year
874,1560747,The Master
875,348333,Waiting...
876,86190,Star Wars: Episode VI - Return of the Jedi
877,962736,The Young Victoria
878,1183923,Welcome to the Rileys
879,364725,Dodgeball: A True Underdog Story
880,790712,The Messenger
881,463034,"You, Me and Dupree"
882,118971,Devil's Advocate
883,1126591,Burlesque
884,454848,Inside Man
885,1142977,Frankenweenie
886,790724,Jack Reacher
887,1142988,The Ugly Truth
888,790736,R.I.P.D.
889,266452,Death to Smoochy
890,438488,Terminator Salvation
891,1298649,The Watch
892,1298650,Pirates of the Caribbean: On Stranger Tides
893,454876,Life of Pi
894,397535,Memoirs of a Geisha
895,258273,Lovely & Amazing
896,209144,Memento
897,151804,Office Space
898,307453,Shark Tale
899,454921,The Pursuit of Happyness
900,307479,Solaris
901,1667353,Mirror Mirror
902,454945,She's the Man
903,446755,The Painted Veil
904,119080,Eve's Bayou
905,119081,Event Horizon
906,938283,The Last Airbender
907,266543,Finding Nemo
908,1446192,Rise of the Guardians
909,1478964,Attack the Block
910,383028,"Synecdoche, New York"
911,373051,Journey to the Center of the Earth
912,110912,Pulp Fiction
913,1265990,The Roommate
914,119114,Fever Pitch
915,119116,The Fifth Element
916,373074,Kung fu
917,2191701,Grown Ups 2
918,112697,Clueless
919,938330,Silent Hill: Revelation 3D
920,119137,Flubber
921,1306980,50/50
922,323944,Shattered Glass
923,1470827,Monsters
924,1266029,Nowhere Boy
925,356721,I Heart Huckabees
926,1601913,The Grey
927,283003,Spun
928,160127,Charlie's Angels
929,1454468,Gravity
930,119173,G.I. Jane
931,119174,The Game
932,119177,Gattaca
933,242653,The Matrix Revolutions
934,102798,Robin Hood: Prince of Thieves
935,1905041,Furious 6
936,94612,Action Jackson
937,119190,George of the Jungle
938,1560985,The Devil Inside
939,889583,Brüno
940,67800,Straw Dogs
941,479647,"Bon Cop, Bad Cop"
942,217505,Gangs of New York
943,120903,X-Men
944,119217,Good Will Hunting
945,389557,Zwartboek
946,1274300,The Tempest
947,119229,Grosse Pointe Blank
948,971209,A Perfect Getaway
949,283084,Tuck Everlasting
950,480249,I Am Legend
951,325710,The Last Samurai
952,111070,The Santa Clause
953,1438176,Fright Night
954,120912,Men in Black II
955,1135084,Takers
956,119282,Hercules
957,332280,The Notebook
958,94721,Beetlejuice
959,283139,White Oleander
960,78346,Superman
961,86541,Videodrome
962,1372686,Coriolanus
963,119313,Hope Floats
964,102943,Slacker
965,324133,Swimming Pool
966,111143,The Shadow
967,1716777,People Like Us
968,430634,Stick It
969,1438254,Charlie St. Cloud
970,127536,Elizabeth
971,119345,I Know What You Did Last Summer
972,1798709,Her
973,1172233,Whip It
974,111161,The Shawshank Redemption
975,1405500,For Colored Girls
976,184894,Shanghai Noon
977,1060277,Cloverfield
978,119361,In the Company of Men
979,954947,The Killer Inside Me
980,397892,Bolt
981,1904996,Parker
982,1323594,Despicable Me
983,275022,Crossroads
984,315983,House of Sand and Fog
985,1389137,We Bought a Zoo
986,332375,Saved!
987,389722,30 Days of Night
988,332379,The School of Rock
989,99088,Back to the Future Part III
990,119396,Jackie Brown
991,115963,The Craft
992,1430132,The Wolverine
993,250494,Legally Blonde
994,758766,Music and Lyrics
995,299658,Chicago
996,479884,Crank
997,454082,Black Christmas
998,1020558,Centurion
999,160399,Impostor
1000,103060,Teenage Mutant Ninja Turtles II: The Secret of the Ooze
1001,111255,The Specialist
1002,103064,Terminator 2: Judgment Day
1003,848537,Epic
1004,332452,Troy
1005,840361,The Town
1006,119468,Kiss the Girls
1007,848557,Diary of the Dead
1008,430770,The Women
1009,414387,Pride & Prejudice
1010,1192628,Rango
1011,168629,Dancer in the Dark
1012,1498569,Restless
1013,1217209,Brave
1014,307901,25th Hour
1015,119488,L.A. Confidential
1016,111301,Street Fighter
1017,144084,American Psycho
1018,373469,Kiss Kiss Bang Bang
1019,94947,Dangerous Liaisons
1020,889573,The Switch
1021,234215,The Matrix Reloaded
1022,119528,Liar Liar
1023,455407,The Crazies
1024,1053424,Repo Men
1025,381681,Before Sunset
1026,144117,The Boondock Saints
1027,357110,The Ballad of Jack and Rose
1028,242423,"Dude, Where's My Car?"
1029,144120,Bride of Chucky
1030,832266,"Definitely, Maybe"
1031,381707,White Chicks
1032,1127180,Drag Me to Hell
1033,217869,Unbreakable
1034,119567,The Lost World: Jurassic Park
1035,283426,The Jungle Book 2
1036,144168,Dick
1037,1512235,Super
1038,496436,White Noise 2: The Light
1039,1422136,A Lonely Place to Die
1040,422720,Marie Antoinette
1041,111438,Timecop
1042,103247,White Fang
1043,168786,Antwone Fisher
1044,114148,Pocahontas
1045,86879,Amadeus
1046,119654,Men in Black
1047,406375,Zathura: A Space Adventure
1048,283503,Brooklyn Rules
1049,340855,Monster
1050,783233,Atonement
1051,1758795,The To Do List
1052,783238,The Dead Girl
1053,167404,The Sixth Sense
1054,988045,Sherlock Holmes
1055,1135503,Julie & Julia
1056,119698,Mononoke-hime
1057,445934,Blades of Glory
1058,381849,3:10 to Yuma
1059,242587,L.I.E.
1060,78748,Alien
1061,115856,Chacun cherche son chat
1062,1790885,Zero Dark Thirty
1063,955308,Robin Hood
1064,78767,The Amityville Horror
1065,86960,Beverly Hills Cop
1066,1979320,Rush
1067,119738,My Best Friend's Wedding
1068,78788,Apocalypse Now
1069,86984,Body Double
1070,398286,Tangled
1071,1496025,Underworld: Awakening
1072,758746,Friday the 13th
1073,310778,Bon voyage
1074,758752,Love & Other Drugs
1075,472033,9
1076,758758,Into the Wild
1077,316396,Peter Pan
1078,463854,28 Weeks Later
1079,2094064,Much Ado About Nothing
1080,439289,Running with Scissors
1081,472062,Charlie Wilson's War
1082,480255,The Losers
1083,83642,The Best Little Whorehouse in Texas
1084,758794,We Are Marshall
1085,119822,As Good as It Gets
1086,1201167,Funny People
1087,357413,Anchorman: The Legend of Ron Burgundy
1088,209958,The Cell
1089,110074,The Hudsucker Proxy
1090,70707,Sleeper
1091,1602620,Amour
1092,1504320,The King's Speech
1093,119874,The Peacemaker
1094,96438,Who Framed Roger Rabbit
1095,390221,Maria Full of Grace
1096,1430607,Arthur Christmas
1097,185431,Little Nicky
1098,1586265,What to Expect When You're Expecting
1099,1430626,The Pirates! In an Adventure with Scientists!
1100,857191,The Visitor
1101,472181,The Smurfs
1102,373883,Halloween
1103,382077,Hide and Seek
1104,373889,Harry Potter and the Order of the Phoenix
1105,357507,Boogeyman
1106,414852,Banlieue 13
1107,119942,Primary Colors
1108,1315981,A Single Man
1109,87182,Dune
1110,455824,Australia
1111,2184339,The Purge
1112,1684628,Circumstance
1113,1045658,Silver Linings Playbook
1114,1176740,Away We Go
1115,464049,The History Boys
1116,1193138,Up in the Air
1117,365748,Shaun of the Dead
1118,439478,The Boynton Beach Bereavement Club
1119,283832,8 femmes
1120,799934,Be Kind Rewind
1121,251075,Evolution
1122,808151,Angels & Demons
1123,103644,Alien³
1124,881891,All About Steve
1125,406759,The Eye
1126,349416,Eulogy
1127,382189,My Summer of Love
1128,1414382,You Again
1129,390384,Primer
1130,251127,How to Lose a Guy in 10 Days
1131,144640,Three to Tango
1132,423169,Sherrybaby
1133,87298,Friday the 13th: The Final Chapter
1134,414982,Final Destination 3
1135,95497,The Last Temptation of Christ
1136,1045772,I Love You Phillip Morris
1137,414993,The Fountain
1138,120082,Scream 2
1139,865556,The Forbidden Kingdom
1140,120094,Selena
1141,1840417,The Words
1142,87332,Ghost Busters
1143,800039,Forgetting Sarah Marshall
1144,1464540,I Am Number Four
1145,120108,The Proposition
1146,808244,Easy Virtue
1147,242998,Valentine
1148,161081,What Lies Beneath
1149,816442,The Book Thief
1150,1078588,My Sister's Keeper
1151,286261,All or Nothing
1152,1291584,Warrior
1153,775489,L'illusionniste
1154,87363,Gremlins
1155,120133,A Simple Wish
1156,816462,Conan the Barbarian
1157,472399,The Mechanic
1158,800080,The Incredible Hulk
1159,120148,Sliding Doors
1160,2053463,Side Effects
1161,120152,Smilla's Sense of Snow
1162,111503,True Lies
1163,103776,Batman Returns
1164,775529,The Savages
1165,1758575,Blue Like Jazz
1166,120177,Spawn
1167,259446,My Big Fat Greek Wedding
1168,398712,Assault on Precinct 13
1169,210299,Songcatcher
1170,963966,The Sorcerer's Apprentice
1171,1340800,Tinker Tailor Soldier Spy
1172,275847,Lilo & Stitch
1173,120201,Starship Troopers
1174,1152398,Beastly
1175,95631,Midnight Run
1176,1119646,The Hangover
1177,119707,Mortal Kombat: Annihilation
1178,308644,Finding Neverland
1179,2364841,Runner Runner
1180,824747,Changeling
1181,87469,Indiana Jones and the Temple of Doom
1182,144814,The Rage: Carrie 2
1183,480687,Hall Pass
1184,824758,The Last Station
1185,300471,Shanghai Knights
1186,128442,Rounders
1187,128445,Rushmore
1188,383222,BloodRayne
1189,1201607,Harry Potter and the Deathly Hallows: Part 2
1190,95690,Mystic Pizza
1191,93773,Predator
1192,243155,Bridget Jones's Diary
1193,103893,Buffy the Vampire Slayer
1194,398808,Bridge to Terabithia
1195,1250777,Kick-Ass
1196,1258972,The Man with the Iron Fists
1197,808417,Persepolis
1198,1758692,Like Crazy
1199,1244754,Conviction
1200,800241,Transsiberian
1201,87538,The Karate Kid
1202,93779,The Princess Bride
1203,300532,Blue Crush
1204,1226229,Get Him to the Greek
1205,1226236,Io sono l'amore
1206,1742336,Your Sister's Sister
1207,120321,Smoke Signals
1208,439815,Slither
1209,448011,Knowing
1210,300556,Timeline
1211,120338,Titanic
1212,267804,The One
1213,77402,Dawn of the Dead
1214,1226273,Edge of Darkness
1215,120363,Toy Story 2
1216,800308,Appaloosa
1217,380510,The Lovely Bones
1218,71222,Black Christmas
1219,489018,Day of the Dead
1220,120382,The Truman Show
1221,800320,Clash of the Titans
1222,398913,DOA: Dead or Alive
1223,816711,World War Z
1224,169547,American Beauty
1225,808526,Life During Wartime
1226,185937,The Blair Witch Project
1227,947798,Black Swan
1228,947810,Green Zone
1229,104036,The Crying Game
1230,800369,Thor
1231,1234548,The Men Who Stare at Goats
1232,177789,Galaxy Quest
1233,259711,Vanilla Sky
1234,349825,Miracle
1235,448134,Sunshine
1236,267913,Scooby-Doo
1237,120458,Virus
1238,1194263,Get Low
1239,1431181,Another Year
1240,95889,Poltergeist III
1241,1046173,G.I. Joe: The Rise of Cobra
1242,382625,The Da Vinci Code
1243,382628,Dark Water
1244,448182,Yesterday Was a Lie
1245,210616,Center Stage
1246,1343092,The Great Gatsby
1247,1210042,Brooklyn's Finest
1248,71360,The Conversation
1249,218817,Antitrust
1250,358082,Robots
1251,95953,Rain Man
1252,79574,Moonraker
1253,218839,Best in Show
1254,1922777,Sinister
1255,112346,The American President
1256,407265,Transamerica
1257,87800,A Nightmare on Elm Street
1258,112384,Apollo 13
1259,120577,54
1260,112389,The Thief and the Cobbler
1261,407304,War of the Worlds
1262,120586,American History X
1263,317198,Bridget Jones: The Edge of Reason
1264,120591,Armageddon
1265,112401,Assassins
1266,120601,Being John Malkovich
1267,120603,Beloved
1268,1234719,Red Dawn
1269,120611,Blade
1270,292644,The Rules of Attraction
1271,1068678,Veronika Decides to Die
1272,120616,The Mummy
1273,2234155,The Internship
1274,120623,A Bug's Life
1275,1980209,Pain & Gain
1276,120630,Chicken Run
1277,120631,EverAfter
1278,497465,Vicky Cristina Barcelona
1279,96061,Scrooged
1280,2193215,The Counselor
1281,104257,A Few Good Men
1282,1152836,Public Enemies
1283,120647,Deep Impact
1284,350028,Raising Helen
1285,112462,Batman Forever
1286,120655,Dogma
1287,1185616,Vals Im Bashir
1288,120657,The 13th Warrior
1289,1152850,Wendy and Lucy
1290,120660,Enemy of the State
1291,128853,You've Got Mail
1292,120663,Eyes Wide Shut
1293,120667,Fantastic Four
1294,120669,Fear and Loathing in Las Vegas
1295,268126,Adaptation.
1296,399201,The Island
1297,120679,Frida
1298,120681,From Hell
1299,120685,Godzilla
1300,120686,Stepmom
1301,120689,The Green Mile
1302,481141,No Reservations
1303,120694,Halloween H20: 20 Years Later
1304,317303,Daddy Day Care
1305,87928,Police Academy
1306,358273,Walk the Line
1307,1130884,Shutter Island
1308,1054606,The Imaginarium of Doctor Parnassus
1309,825232,The Bucket List
1310,432021,Resident Evil: Extinction
1311,117060,Mission: Impossible
1312,104348,Glengarry Glen Ross
1313,120735,"Lock, Stock and Two Smoking Barrels"
1314,120737,The Lord of the Rings: The Fellowship of the Ring
1315,120738,Lost in Space
1316,964517,The Fighter
1317,120744,The Man in the Iron Mask
1318,120746,The Mask of Zorro
1319,120749,Mercury Rising
1320,202677,The Way of the Gun
1321,1226681,Pontypool
1322,120762,Mulan
1323,87995,Repo Man
1324,112573,Braveheart
1325,399295,Lord of War
1326,120768,The Negotiator
1327,112579,The Bridges of Madison County
1328,333766,Garden State
1329,1324999,The Twilight Saga: Breaking Dawn - Part 1
1330,1562568,Higher Ground
1331,120780,Out of Sight
1332,120784,Payback
1333,333780,"Legally Blonde 2: Red, White & Blonde"
1334,120791,Practical Magic
1335,120794,The Prince of Egypt
1336,104412,Hero
1337,120800,Quest for Camelot
1338,120804,Resident Evil
1339,980970,The Chronicles of Narnia: The Voyage of the Dawn Treader
1340,964587,St. Trinian's
1341,120812,Rush Hour
1342,120813,Safe Men
1343,1013743,Knight and Day
1344,473075,Prince of Persia: The Sands of Time
1345,1013752,Fast & Furious
1346,1013753,Milk
1347,120828,Six Days Seven Nights
1348,120831,Slums of Beverly Hills
1349,96256,They Live
1350,1259521,The Cabin in the Woods
1351,112642,Casper
1352,120844,Star Trek: Insurrection
1353,382992,Stealth
1354,120855,Tarzan
1355,391198,The Grudge
1356,120863,The Thin Red Line
1357,366627,The Jacket
1358,423977,Charlie Bartlett
1359,1185836,Adam
1360,120877,Vampires
1361,120879,Velvet Goldmine
1362,1800241,American Hustle
1363,350258,Ray
1364,1144884,The Final Destination
1365,1308729,Bullet to the Head
1366,120890,Wild Things
1367,120891,Wild Wild West
1368,96320,Twins
1369,161860,Nirgendwo in Afrika
1370,325703,Lara Croft Tomb Raider: The Cradle of Life
1371,79945,Star Trek: The Motion Picture
1372,112715,Congo
1373,817230,Valentine's Day
1374,145487,Spider-Man
1375,981072,The Lucky Ones
1376,120913,Titan A.E.
1377,112722,Copycat
1378,120915,Star Wars: Episode I - The Phantom Menace
1379,383060,Zoom
1380,120917,The Emperor's New Groove
1381,481369,The Number 23
1382,268380,Ice Age
1383,88161,Splash
1384,1013860,Dylan Dog: Dead of Night
1385,1701990,Detention
1386,88170,Star Trek III: The Search for Spock
1387,1103982,The Girlfriend Experience
1388,1415283,Nanny McPhee and the Big Bang
1389,374900,Napoleon Dynamite
1390,1104001,TRON: Legacy
1391,866439,Made of Honor
1392,129167,The Iron Giant
1393,432283,Fantastic Mr. Fox
1394,424095,Flushed Away
1395,432291,The Fog
1396,1931435,The Big Wedding
1397,252076,Maid in Manhattan
1398,1570989,Tiny Furniture
1399,448694,Puss in Boots
1400,88247,The Terminator
1401,366780,Mirrormask
1402,424136,Hard Candy
1403,1939659,Carrie
1404,227538,Spy Kids
1405,481499,The Croods
1406,473308,Waitress
1407,112864,Die Hard: With a Vengeance
1408,1235170,The Future
1409,87078,Conan the Destroyer
1410,96487,Young Guns
1411,415978,Me and You and Everyone We Know
1412,981227,Nick and Norah's Infinite Playlist
1413,2226417,Insidious: Chapter 2
1414,342258,Unleashed
1415,1235189,Wild Target
1416,948470,The Amazing Spider-Man
1417,145660,Austin Powers: The Spy Who Shagged Me
1418,342272,Dear Wendy
1419,203009,Moulin Rouge!
1420,317705,The Incredibles
1421,1931533,Seven Psychopaths
1422,375063,Sideways
1423,244000,American Outlaws
1424,882978,San guo zhi jian long xie jia
1425,317740,The Italian Job
1426,301357,Good Bye Lenin!
1427,137523,Fight Club
1428,129332,Ravenous
1429,1399103,Transformers: Dark of the Moon
1430,366920,Pride and Prejudice
1431,121164,Corpse Bride
1432,407887,The Departed
1433,309593,Final Destination 2
1434,325980,Pirates of the Caribbean: The Curse of the Black Pearl
1435,104797,Malcolm X
1436,1038686,Legion
1437,1538403,The Mortal Instruments: City of Bones
1438,129387,There's Something About Mary
1439,203119,Sexy Beast
1440,1300851,The Boondock Saints II: All Saints Day
1441,1300854,Iron Man 3
1442,2005374,The Frozen Ground
1443,1440129,Battleship
1444,907657,Once
1445,1093357,The Darkest Hour
1446,1571222,A Dangerous Method
1447,424345,Clerks II
1448,301470,Jeepers Creepers II
1449,104694,A League of Their Own
1450,104868,The Mighty Ducks
1451,375210,White Noise
1452,162222,Cast Away
1453,1194417,Casino Jack
1454,367027,Shortbus
1455,309698,Identity
1456,1210819,The Lone Ranger
1457,113101,Four Rooms
1458,1217613,Battle Los Angeles
1459,80339,Airplane!
1460,416212,The Secret Life of Bees
1461,1046997,Miracle at St. Anna
1462,70735,The Sting
1463,1284575,Bad Teacher
1464,104940,The Muppet Christmas Carol
1465,367089,The Squid and the Whale
1466,449010,Eragon
1467,211443,Jason X
1468,104952,My Cousin Vinny
1469,1423894,Barney's Version
1470,875034,Nine
1471,252444,Rabbit-Proof Fence
1472,449059,Little Miss Sunshine
1473,1440292,Submarine
1474,1800741,Step Up Revolution
1475,1702439,Safe Haven
1476,162346,Ghost World
1477,219699,The Gift
1478,99423,Die Hard 2
1479,989757,Dear John
1480,1186367,Ninja Assassin
1481,449088,Pirates of the Caribbean: At World's End
1482,80455,The Blues Brothers
1483,72271,The Texas Chain Saw Massacre
1484,465494,Hitman
1485,465502,Igor
1486,473705,State of Play
1487,96874,Back to the Future Part II
1488,80492,Can't Stop the Music
1489,1645170,The Dictator
1490,72308,The Towering Inferno
1491,1555064,Country Strong
1492,96895,Batman
1493,465538,Michael Clayton
1494,293508,The Phantom of the Opera
1495,1161864,The Rite
1496,1055369,Transformers: Revenge of the Fallen
1497,1022603,(500) Days of Summer
1498,1038988,[Rec]
1499,465551,Notes on a Scandal
1500,96928,Bill & Ted's Excellent Adventure
1501,195234,Saving Grace
1502,113321,Home for the Holidays
1503,465580,Push
1504,498353,Hostel: Part II
1505,268978,A Beautiful Mind
1506,490166,London to Brighton
1507,1817273,The Place Beyond the Pines
1508,1981115,Thor: The Dark World
1509,293564,Rush Hour 3
1510,119925,The Postman
1511,416449,300
1512,268995,The Majestic
1513,187078,Gone in Sixty Seconds
1514,104431,Home Alone 2: Lost in New York
1515,498380,Letters from Iwo Jima
1516,383694,Vera Drake
1517,1080016,Ice Age: Dawn of the Dinosaurs
1518,457430,El laberinto del fauno
1519,1120985,Blue Valentine
1520,498399,We Own the Night
1521,72431,Young Frankenstein
1522,416496,Bandidas
1523,408306,Munich
1524,416508,Becoming Jane
1525,260866,Don't Say a Word
1526,113416,The Incredibly True Adventure of Two Girls in Love
1527,88846,Brazil
1528,375568,Astro Boy
1529,105236,Reservoir Dogs
1530,293662,The Transporter
1531,457510,Nacho Libre
1532,80684,Star Wars: Episode V - The Empire Strikes Back
1533,1448755,Killer Elite
1534,154420,Festen
1535,1243957,The Tourist
1536,236348,Josie and the Pussycats
1537,424774,The Adventures of Sharkboy and Lavagirl 3-D
1538,82340,Escape from New York
1539,80716,Fame
1540,1235796,Ondine
1541,113497,Jumanji
1542,285531,Dreamcatcher
1543,1104733,Hamlet 2
1544,443536,Hoodwinked!
1545,457572,Fido
1546,162661,Sleepy Hollow
1547,80745,Flash Gordon
1548,88939,The Color Purple
1549,80749,The Fog
1550,88944,Commando
1551,138097,Shakespeare in Love
1552,75249,Sparkle
1553,80761,Friday the 13th
1554,195685,Erin Brockovich
1555,375679,Crash
1556,1399683,Winter's Bone
1557,146309,Thirteen Days
1558,433035,Real Steel
1559,146316,Lara Croft: Tomb Raider
1560,97165,Dead Poets Society
1561,1285016,The Social Network
1562,1727388,The Way Way Back
1563,974661,17 Again
1564,146336,Urban Legend
1565,88993,Day of the Dead
1566,121765,Star Wars: Episode II - Attack of the Clones
1567,121766,Star Wars: Episode III - Revenge of the Sith
1568,179116,But I'm a Cheerleader
1569,96754,The Abyss
1570,1170358,The Hobbit: The Desolation of Smaug
1571,1596343,Fast Five
1572,277434,We Were Soldiers
1573,1596365,The Woman in Black
1574,1129423,Fireproof
1575,1907668,Flight
1576,80855,Heaven's Gate
1577,1547234,Premium Rush
1578,1014759,Alice in Wonderland
1579,367594,Charlie and the Chocolate Factory
1580,72684,Barry Lyndon
1581,77651,Halloween
1582,1047540,Parental Guidance
1583,1424381,Predators
1584,359423,A Home at the End of the World
1585,187393,The Patriot
1586,1186830,Agora
1587,367631,D.E.B.S.
1588,1178663,Whatever Works
1589,351283,Madagascar
1590,1621045,Think Like a Man
1591,1268799,A Very Harold & Kumar 3D Christmas
1592,2194499,About Time
1593,113749,Mallrats
1594,1408101,Star Trek Into Darkness
1595,375912,Layer Cake
1596,400497,Herbie Fully Loaded
1597,84805,Tootsie
1598,128996,Cinderella
1599,195714,Final Destination
1600,425112,Hot Fuzz
1601,1227929,Herb & Dorothy
1602,162973,Get Real
1603,318627,Resident Evil: Apocalypse
1604,842926,The Kids Are All Right
1605,1465522,Tucker and Dale vs. Evil
1606,113855,Mortal Kombat
1607,253126,High Heels and Low Lifes
1608,990407,The Green Hornet
1609,1670345,Now You See Me
1610,433362,Daybreakers
1611,457939,The Holiday
1612,408790,Flightplan
1613,317219,Cars
1614,1735898,Snow White and the Huntsman
1615,97499,Henry V
1616,94074,Superman IV: The Quest for Peace
1617,433383,"Good Night, and Good Luck."
1618,417001,Must Love Dogs
1619,433386,The Grudge 2
1620,1981677,Pitch Perfect
1621,482546,Miss Potter
1622,474361,Sisters in Law
1623,425210,Lucky Number Slevin
1624,367882,Indiana Jones and the Kingdom of the Crystal Skull
1625,482571,The Prestige
1626,335119,Girl with a Pearl Earring
1627,261392,Jay and Silent Bob Strike Back
1628,113957,The Net
1629,97576,Indiana Jones and the Last Crusade
1630,482606,The Strangers
1631,1637688,In Time
1632,1711425,21 & Over
1633,1449283,Winnie the Pooh
1634,1637706,Our Idiot Brother
1635,1924429,Trance
1636,367959,Hannibal Rising
1637,187738,Blade II
1638,1637725,Ted
1639,892255,Che: Part One
1640,171363,The Haunting
1641,89457,Ladyhawke
1642,212338,Meet the Parents
1643,212346,Miss Congeniality
1644,417148,Snakes on a Plane
1645,89469,Legend
1646,416320,Match Point
1647,327056,Mystic River
1648,316654,Spider-Man 2
1649,408985,Last Holiday
1650,286106,Signs
1651,892318,Letters to Juliet
1652,286112,Siu lam juk kau
1653,335266,Lost in Translation
1654,441773,Kung Fu Panda
1655,1375666,Inception
1656,1007029,The Iron Lady
1657,1375670,Grown Ups
1658,146882,High Fidelity
1659,417225,Idlewild
1660,97742,Licence to Kill
1661,138704,Pi
1662,425430,The Messengers
1663,1572315,Texas Chainsaw 3D
1664,103639,Aladdin
1665,81375,Private Benjamin
1666,327137,Secondhand Lions
1667,132347,Mystery Men
1668,112641,Casino
1669,73195,Jaws
1670,81398,Raging Bull
1671,327162,The Stepford Wives
1672,1302011,Kung Fu Panda 2
1673,138749,The Road to El Dorado
1674,383574,Pirates of the Caribbean: Dead Man's Chest
1675,95489,The Land Before Time
1676,1629705,Blackthorn
1677,1433108,Faster
1678,97815,Major League
1679,384537,Silent Hill
1680,286244,Les triplettes de Belleville
1681,114214,The Quick and the Dead
1682,1392170,The Hunger Games
1683,1441326,Martha Marcy May Marlene
1684,1302067,Yogi Bear
1685,1211956,Escape Plan
1686,441909,Volver
1687,147004,Little Voice
1688,74512,Family Plot
1689,485985,Red Tails
1690,70047,The Exorcist
1691,327247,The Whole Ten Yards
1692,302674,Gerry
1693,319061,Big Fish
1694,1392214,Prisoners
1695,122459,Return to Me
1696,409182,Poseidon
1697,1130080,The Informant!
1698,81505,The Shining
1699,458339,Captain America: The First Avenger
1700,1220198,The Fourth Kind
1701,1457767,The Conjuring
1702,884328,The Mist
1703,343660,50 First Dates
1704,458352,The Devil Wears Prada
1705,1318514,Rise of the Planet of the Apes
1706,253556,Reign of Fire
1707,111282,Stargate
1708,81534,Somewhere in Time
1709,196229,Zoolander
1710,114319,Sabrina
1711,114323,Safe
1712,432348,Saw II
1713,81573,Superman II
1714,1506999,Haywire
1715,1121977,Mother and Child
1716,1564349,Dolphin Tale
1717,114369,Se7en
1718,1564367,Just Go with It
1719,450259,Blood Diamond
1720,114388,Sense and Sensibility
1721,376541,Closer
1722,81633,Time Bandits
1723,450278,Hostel
1724,212712,2046
1725,212720,Artificial Intelligence: AI
1726,106226,The Age of Innocence
1727,499448,The Chronicles of Narnia: Prince Caspian
1728,114436,Showgirls
1729,360201,Wimbledon
1730,343818,"I, Robot"
1731,130827,Lola rennt
1732,327437,Around the World in 80 Days
1733,73486,One Flew Over the Cuckoo's Nest
1734,1531663,Everything Must Go
1735,171804,Boys Don't Cry
1736,458525,X-Men Origins: Wolverine
1737,319262,The Day After Tomorrow
1738,810784,Bright Star
1739,286499,Bend It Like Beckham
1740,89893,Red Sonja
1741,384806,The Amityville Horror
1742,89908,Return to Oz
1743,253754,Star Trek: Nemesis
1744,368447,The Village
1745,163651,American Pie
1746,106308,Army of Darkness
1747,1815862,After Earth
1748,311113,Master and Commander: The Far Side of the World
1749,114508,Species
1750,450385,1408
1751,180052,The Adventures of Pluto Nash
1752,499549,Avatar
1753,122718,Small Soldiers
1754,892769,How to Train Your Dragon
1755,221027,Blow
1756,892782,Monsters vs. Aliens
1757,1320253,The Expendables
1758,409459,Watchmen
1759,1720182,October Baby
1760,892791,Shrek Forever After
1761,898367,The Road
1762,180093,Requiem for a Dream
1763,139134,Cruel Intentions
1764,327554,Catwoman
1765,393109,Brick
1766,73629,The Rocky Horror Picture Show
1767,98206,Road House
1768,1228705,Iron Man 2
1769,1564585,Skyline
1770,245674,Thir13en Ghosts
1771,253867,The Sweetest Thing
1772,327597,Coraline
1773,368563,Possession
1774,114614,Tank Girl
1775,65466,Beyond the Valley of the Dolls
1776,1376195,Gunless
1777,393162,Coach Carter
1778,417741,Harry Potter and the Half-Blood Prince
1779,294870,Rent
1780,311289,Holes
1781,278500,The Importance of Being Earnest
1782,139239,Go
1783,278504,Insomnia
1784,1155056,"I Love You, Man"
1785,352248,Cinderella Man
1786,212985,Hannibal
1787,1458175,The Next Three Days
1788,286716,Hulk
1789,327679,Ella Enchanted
